         0	         0	  0.419691	  0.420505	         0
         0	         0	  0.744594	  0.746343	         0
         0	         0	  0.454094	  0.454681	         0
         0	         0	  0.264984	  0.265146	         0
         0	         0	  0.316425	  0.316612	         0
         0	         0	  0.469301	  0.469779	         0
         0	         0	  0.292467	  0.292488	         0
         0	         0	  0.227331	  0.227104	         0
         0	         0	  0.364406	  0.364323	         0
         0	         0	  0.393132	  0.393292	         0
         0	         0	  0.236456	  0.236088	         0
         0	         0	  0.265825	  0.265332	         0
         0	         0	  0.444783	  0.444755	         0
         0	         0	  0.378739	  0.378783	         0
         0	         0	   0.21442	  0.214001	         0
         0	         0	  0.343599	  0.343198	         0
         0	         0	  0.547447	  0.548341	         0
         0	         0	  0.426484	   0.42665	         0
         0	         0	  0.366114	  0.366129	         0
         0	         0	   0.61784	  0.618852	         0
         0	         0	   0.95225	  0.953925	         0
         0	         0	  0.960716	  0.960954	         0
         0	         0	  0.459939	  0.457773	         0
         0	         0	  0.328483	  0.326759	         0
         0	         0	  0.617349	  0.618739	         0
         0	         0	  0.290515	  0.290818	         0
         0	         0	  0.197465	  0.197072	         0
         0	         0	  0.183886	  0.183885	         0
         0	         0	  0.182599	  0.182817	         0
         0	         0	  0.179289	  0.179184	         0
         0	         0	   0.16563	  0.165339	         0
         0	         0	  0.121265	  0.121115	         0
         0	         0	  0.120897	  0.120866	         0
         0	         0	  0.126625	  0.126414	         0
         0	         0	  0.128694	  0.125712	         0
         0	         0	  0.109919	     0.107	         0
         0	         0	  0.101334	 0.0992428	         0
         0	         0	  0.124113	  0.120559	         0
         0	         0	  0.119329	  0.116584	         0
         0	         0	  0.105207	  0.103534	         0
         0	         0	 0.0968813	 0.0951049	         0
         0	         0	  0.089258	 0.0881372	         0
         0	         0	 0.0822364	 0.0810042	         0
         0	         0	 0.0735683	 0.0722008	         0
         0	         0	 0.0807179	 0.0790449	         0
         0	         0	 0.0775723	 0.0766025	         0
         0	         0	 0.0823739	 0.0825658	         0
         0	         0	 0.0785986	 0.0787802	         0
         0	         0	 0.0720476	 0.0722296	         0
         0	         0	 0.0827523	 0.0829833	         0
         0	         0	 0.0889767	 0.0892301	         0
         0	         0	 0.0922351	 0.0924863	         0
         0	         0	  0.104625	  0.104952	         0
         0	         0	   0.10587	  0.106242	         0
         0	         0	  0.125714	  0.126142	         0
         0	         0	  0.119565	  0.119988	         0
         0	         0	  0.119641	   0.12007	         0
         0	         0	  0.123947	   0.12439	         0
         0	         0	  0.117263	  0.117694	         0
         0	         0	 0.0880177	 0.0883318	         0
         0	         0	 0.0932148	 0.0935222	         0
         0	         0	 0.0994405	 0.0997816	         0
         0	         0	   0.08932	 0.0896045	         0
         0	         0	 0.0889812	 0.0892436	         0
         0	         0	 0.0967056	 0.0970121	         0
         0	         0	 0.0932062	 0.0935172	         0
         0	         0	 0.0866143	  0.086879	         0
         0	         0	  0.100999	  0.101317	         0
         0	         0	  0.113081	  0.113478	         0
         0	         0	  0.108759	   0.10915	         0
         0	         0	 0.0962018	 0.0965186	         0
         0	         0	  0.120587	  0.121003	         0
         0	         0	  0.148161	  0.148737	         0
         0	         0	  0.133071	  0.133565	         0
         0	         0	  0.106143	  0.106491	         0
         0	         0	  0.130541	  0.131009	         0
         0	         0	  0.140221	  0.140761	         0
         0	         0	  0.132138	  0.132623	         0
         0	         0	   0.11136	  0.111713	         0
         0	         0	  0.137761	  0.138238	         0
         0	         0	  0.154164	  0.154734	         0
         0	         0	   0.12792	  0.128319	         0
         0	         0	  0.178193	  0.178738	         0
         0	         0	  0.214819	  0.215562	         0
         0	         0	  0.197446	  0.198133	         0
         0	         0	  0.245292	  0.246081	         0
         0	         0	  0.186516	  0.187062	         0
         0	         0	  0.170846	  0.171246	         0
         0	         0	  0.172018	  0.172442	         0
         0	         0	  0.156663	  0.157073	         0
         0	         0	  0.165283	   0.16578	         0
         0	         0	  0.220731	  0.221426	         0
         0	         0	  0.148695	  0.149167	         0
         0	         0	   0.13501	  0.135471	         0
         0	         0	  0.193841	  0.194535	         0
         0	         0	  0.168519	  0.169093	         0
         0	         0	  0.127203	  0.127663	         0
         0	         0	  0.141376	  0.141908	         0
         0	         0	  0.173819	  0.174479	         0
         0	         0	  0.182395	  0.183075	         0
         0	         0	  0.201806	  0.202541	         0
         0	         0	  0.145698	  0.146241	         0
         0	         0	  0.142136	  0.142631	         0
         0	         0	  0.175396	  0.175943	         0
         0	         0	  0.175201	  0.175804	         0
         0	         0	  0.144903	  0.145398	         0
         0	         0	  0.160184	  0.160577	         0
         0	         0	  0.201622	  0.202197	         0
         0	         0	  0.175721	  0.176313	         0
         0	         0	  0.150219	  0.150583	         0
         0	         0	   0.17267	  0.172905	         0
         0	         0	   0.18854	  0.189107	         0
         0	         0	  0.188863	  0.189373	         0
         0	         0	  0.145499	  0.145756	         0
         0	         0	  0.131167	  0.131399	         0
         0	         0	  0.154514	  0.154985	         0
         0	         0	  0.138663	  0.139095	         0
         0	         0	  0.103933	  0.104156	         0
         0	         0	   0.10229	  0.102415	         0
         0	         0	  0.119237	  0.119479	         0
         0	         0	  0.099099	 0.0993129	         0
         0	         0	 0.0916855	 0.0917579	         0
         0	         0	  0.101352	   0.10134	         0
         0	         0	  0.107267	  0.107367	         0
         0	         0	 0.0967438	 0.0968597	         0
         0	         0	 0.0928629	 0.0928166	         0
         0	         0	  0.117983	  0.117871	         0
         0	         0	  0.120706	  0.120885	         0
         0	         0	  0.111913	  0.111999	         0
         0	         0	  0.138806	  0.138836	         0
         0	         0	  0.199257	   0.19965	         0
         0	         0	  0.153288	  0.153662	         0
         0	         0	  0.137102	  0.137247	         0
         0	         0	  0.211743	  0.212212	         0
         0	         0	  0.274463	   0.27512	         0
         0	         0	   0.30699	  0.307542	         0
         0	         0	  0.277661	  0.277991	         0
         0	         0	  0.183259	  0.183303	         0
         0	         0	  0.208269	    0.2081	         0
         0	         0	  0.274061	  0.273856	         0
         0	         0	  0.180607	  0.180472	         0
         0	         0	  0.139763	  0.139486	         0
         0	         0	  0.197989	  0.197603	         0
         0	         0	  0.245297	  0.244508	         0
         0	         0	   0.15358	  0.153005	         0
         0	         0	  0.145862	  0.145233	         0
         0	         0	  0.241422	   0.24043	         0
         0	         0	  0.211914	  0.211003	         0
         0	         0	  0.152111	  0.151345	         0
         0	         0	  0.193836	  0.192911	         0
         0	         0	  0.373475	  0.372582	         0
         0	         0	   0.22559	  0.224245	         0
         0	         0	  0.255374	  0.254146	         0
         0	         0	  0.508655	  0.507545	         0
         0	         0	  0.288836	  0.273891	         0
         0	         0	  0.248517	  0.228777	         0
         0	         0	  0.347533	    0.3452	         0
         0	         0	   0.21565	  0.203393	         0
         0	         0	  0.144687	  0.139178	         0
         0	         0	  0.173402	  0.164032	         0
         0	         0	  0.204801	  0.195128	         0
         0	         0	  0.132163	  0.127535	         0
         0	         0	  0.153585	  0.146376	         0
         0	         0	  0.243624	  0.242921	         0
         0	         0	  0.176325	  0.176011	         0
         0	         0	  0.127575	  0.124199	         0
         0	         0	  0.152538	  0.152336	         0
         0	         0	  0.216113	  0.215991	         0
         0	         0	   0.15507	  0.155115	         0
         0	         0	  0.115066	  0.115194	         0
         0	         0	  0.177289	   0.17756	         0
         0	         0	  0.174925	  0.175173	         0
         0	         0	  0.124192	  0.124475	         0
         0	         0	   0.13785	  0.138251	         0
         0	         0	  0.198452	  0.198994	         0
         0	         0	  0.213263	    0.2139	         0
         0	         0	  0.160014	   0.16055	         0
         0	         0	   0.20069	  0.201348	         0
         0	         0	  0.304071	  0.305076	         0
         0	         0	  0.243291	  0.244127	         0
         0	         0	  0.234269	  0.235075	         0
         0	         0	  0.327622	  0.328703	         0
         0	         0	  0.460293	  0.461904	         0
         0	         0	    0.9963	  0.999998	         0
         0	         0	  0.726805	   0.72934	         0
         0	         0	  0.580554	  0.582509	         0
         0	         0	   0.38113	   0.38235	         0
         0	         0	  0.455763	  0.457273	         0
         0	         0	  0.462762	  0.464312	         0
         0	         0	  0.289191	  0.290146	         0
         0	         0	  0.264061	  0.264937	         0
         0	         0	  0.474008	  0.475692	         0
         0	         0	  0.338445	  0.339604	         0
         0	         0	  0.217254	  0.218012	         0
         0	         0	   0.27766	  0.278652	         0
         0	         0	   0.40534	  0.406777	         0
         0	         0	  0.277082	  0.278032	         0
         0	         0	  0.224653	  0.225452	         0
         0	         0	  0.286623	  0.287685	         0
         0	         0	  0.200346	  0.201089	         0
         0	         0	  0.173955	  0.174592	         0
         0	         0	  0.197304	  0.198038	         0
         0	         0	  0.177992	  0.178676	         0
         0	         0	  0.140484	  0.141018	         0
         0	         0	  0.138716	  0.139246	         0
         0	         0	  0.148449	  0.149022	         0
         0	         0	  0.198157	  0.198934	         0
         0	         0	  0.236201	  0.237138	         0
         0	         0	  0.610127	  0.612599	         0
         0	         0	  0.259506	  0.260534	         0
         0	         0	  0.330429	  0.331756	         0
         0	         0	  0.169533	  0.170193	         0
         0	         0	  0.165132	  0.165779	         0
         0	         0	  0.188242	  0.188983	         0
         0	         0	   0.13572	  0.136246	         0
         0	         0	  0.115096	  0.115541	         0
         0	         0	  0.144168	  0.144733	         0
         0	         0	  0.133461	  0.133975	         0
         0	         0	  0.153608	  0.154208	         0
         0	         0	  0.148506	  0.149081	         0
         0	         0	   0.12436	  0.124829	         0
         0	         0	  0.164344	  0.164975	         0
         0	         0	  0.157161	  0.157775	         0
         0	         0	  0.135208	   0.13572	         0
         0	         0	  0.114498	  0.114928	         0
         0	         0	 0.0901253	 0.0904417	         0
         0	         0	  0.101976	  0.102339	         0
         0	         0	 0.0901298	 0.0904551	         0
         0	         0	 0.0841018	 0.0843858	         0
         0	         0	 0.0810514	  0.081308	         0
         0	         0	 0.0957515	 0.0960836	         0
         0	         0	  0.105695	  0.106064	         0
         0	         0	 0.0912789	 0.0915408	         0
         0	         0	 0.0808887	 0.0810869	         0
         0	         0	  0.100902	  0.101237	         0
         0	         0	  0.110613	  0.110964	         0
         0	         0	  0.145832	  0.146295	         0
         0	         0	  0.129321	  0.129526	         0
         0	         0	  0.129972	  0.130168	         0
         0	         0	   0.13821	   0.13832	         0
         0	         0	 0.0968831	  0.096924	         0
         0	         0	  0.130646	  0.130886	         0
         0	         0	  0.192908	  0.193197	         0
         0	         0	  0.132733	  0.132631	         0
         0	         0	  0.119582	  0.119683	         0
         0	         0	  0.162121	  0.162361	         0
         0	         0	  0.196729	  0.196957	         0
         0	         0	  0.232887	  0.233267	         0
         0	         0	  0.237111	  0.237623	         0
         0	         0	  0.146131	   0.14645	         0
         0	         0	  0.170572	  0.170992	         0
         0	         0	  0.172747	  0.173088	         0
         0	         0	  0.127255	   0.12749	         0
         0	         0	    0.1128	  0.113049	         0
         0	         0	  0.137035	  0.137289	         0
         0	         0	  0.125787	  0.125825	         0
         0	         0	 0.0976875	 0.0977414	         0
         0	         0	  0.120391	   0.12065	         0
         0	         0	  0.133825	  0.133908	         0
         0	         0	  0.120757	   0.12072	         0
         0	         0	   0.10516	  0.105293	         0
         0	         0	  0.131559	  0.131777	         0
         0	         0	  0.138973	  0.139011	         0
         0	         0	 0.0952015	 0.0953377	         0
         0	         0	  0.144922	   0.14535	         0
         0	         0	  0.213596	  0.214292	         0
         0	         0	  0.101824	  0.102028	         0
         0	         0	  0.112173	   0.11251	         0
         0	         0	  0.138103	  0.138505	         0
         0	         0	  0.128111	  0.128447	         0
         0	         0	 0.0855187	 0.0857411	         0
         0	         0	 0.0955219	 0.0958082	         0
         0	         0	  0.100965	  0.101283	         0
         0	         0	  0.104191	  0.104536	         0
         0	         0	 0.0941661	 0.0944843	         0
         0	         0	  0.113517	  0.113928	         0
         0	         0	  0.123636	   0.12409	         0
         0	         0	   0.11608	  0.116522	         0
         0	         0	  0.137873	  0.138381	         0
         0	         0	  0.169336	  0.169955	         0
         0	         0	  0.187452	  0.188157	         0
         0	         0	  0.214054	  0.214858	         0
         0	         0	  0.273632	  0.274637	         0
         0	         0	   0.34733	  0.348612	         0
         0	         0	  0.597661	   0.59991	         0
         0	         0	  0.552062	   0.55411	         0
         0	         0	  0.369808	  0.371202	         0
         0	         0	  0.377564	  0.379006	         0
         0	         0	  0.546027	  0.548083	         0
         0	         0	  0.542173	  0.544252	         0
         0	         0	  0.435457	  0.437141	         0
         0	         0	  0.724869	  0.727692	         0
         0	         0	  0.841789	  0.844997	         0
         0	         0	   0.47019	  0.471878	         0
         0	         0	  0.327055	  0.328236	         0
         0	         0	  0.413247	  0.414697	         0
         0	         0	  0.345077	  0.346251	         0
         0	         0	  0.181797	  0.182331	         0
         0	         0	  0.194097	  0.194755	         0
         0	         0	  0.145894	  0.146394	         0
         0	         0	  0.194004	  0.194663	         0
         0	         0	  0.212239	  0.212947	         0
         0	         0	  0.287615	  0.288603	         0
         0	         0	  0.176289	  0.176872	         0
         0	         0	  0.120275	  0.120676	         0
         0	         0	 0.0921318	 0.0923879	         0
         0	         0	  0.101613	  0.101919	         0
         0	         0	  0.100118	  0.100451	         0
         0	         0	 0.0901064	  0.090368	         0
         0	         0	  0.101479	  0.101728	         0
         0	         0	  0.130885	  0.131321	         0
         0	         0	  0.124823	  0.125259	         0
         0	         0	   0.13552	  0.135845	         0
         0	         0	  0.151284	  0.151697	         0
         0	         0	  0.209488	  0.210169	         0
         0	         0	  0.172542	  0.172982	         0
         0	         0	  0.294647	   0.29538	         0
         0	         0	  0.355934	  0.356536	         0
         0	         0	  0.287536	  0.287789	         0
         0	         0	  0.213452	  0.213667	         0
         0	         0	  0.167711	  0.167747	         0
         0	         0	  0.181323	  0.181197	         0
         0	         0	  0.177328	  0.177201	         0
         0	         0	  0.140915	  0.140878	         0
         0	         0	  0.128789	  0.128576	         0
         0	         0	  0.149645	  0.149272	         0
         0	         0	  0.146259	  0.142944	         0
         0	         0	  0.104833	  0.102647	         0
         0	         0	    0.1329	  0.128906	         0
         0	         0	  0.124607	  0.119936	         0
         0	         0	  0.116691	  0.113976	         0
         0	         0	 0.0997829	 0.0965856	         0
         0	         0	   0.12288	  0.118905	         0
         0	         0	  0.125016	  0.121957	         0
         0	         0	  0.118379	  0.115891	         0
         0	         0	  0.114107	  0.110845	         0
         0	         0	  0.154124	   0.15029	         0
         0	         0	  0.151733	  0.148001	         0
         0	         0	  0.131785	  0.129529	         0
         0	         0	  0.129705	  0.129476	         0
         0	         0	  0.159975	  0.159459	         0
         0	         0	  0.170373	  0.170119	         0
         0	         0	  0.134326	  0.134127	         0
         0	         0	  0.154728	  0.154365	         0
         0	         0	  0.191481	  0.191132	         0
         0	         0	  0.155323	  0.155287	         0
         0	         0	  0.177408	  0.177412	         0
         0	         0	   0.22953	  0.229445	         0
         0	         0	  0.226854	  0.226948	         0
         0	         0	  0.177098	  0.177373	         0
         0	         0	  0.227814	  0.228139	         0
         0	         0	  0.302748	  0.303069	         0
         0	         0	  0.368399	  0.368881	         0
         0	         0	  0.398762	  0.399715	         0
         0	         0	  0.471208	  0.472445	         0
         0	         0	  0.650059	  0.651631	         0
         0	         0	   0.73606	  0.737815	         0
         0	         0	   0.71975	  0.721444	         0
         0	         0	  0.862341	  0.864111	         0
         0	         0	  0.767999	  0.769178	         0
         0	         0	  0.969021	  0.970707	         0
         0	         0	  0.836135	  0.837212	         0
         0	         0	   0.95153	   0.95286	         0
         0	         0	   0.63667	  0.637169	         0
         0	         0	  0.426737	  0.426731	         0
         0	         0	  0.401865	  0.401683	         0
         0	         0	  0.489599	  0.489783	         0
         0	         0	  0.335415	  0.335319	         0
         0	         0	  0.258225	  0.257954	         0
         0	         0	  0.236945	  0.236699	         0
         0	         0	  0.302601	  0.302688	         0
         0	         0	  0.217609	  0.217646	         0
         0	         0	  0.157634	   0.15739	         0
         0	         0	  0.204513	  0.204368	         0
         0	         0	  0.329381	  0.329901	         0
         0	         0	  0.180025	   0.18023	         0
         0	         0	  0.145578	  0.145533	         0
         0	         0	  0.212834	  0.213015	         0
         0	         0	   0.21233	  0.212697	         0
         0	         0	  0.145819	   0.14599	         0
         0	         0	  0.160566	  0.160685	         0
         0	         0	  0.224681	  0.224937	         0
         0	         0	  0.209636	  0.210031	         0
         0	         0	  0.147828	  0.148062	         0
         0	         0	  0.176395	  0.176618	         0
         0	         0	  0.276452	  0.277118	         0
         0	         0	  0.170386	  0.170816	         0
         0	         0	  0.198936	   0.19942	         0
         0	         0	  0.389296	  0.390554	         0
         0	         0	  0.211602	  0.212243	         0
         0	         0	  0.176145	  0.176722	         0
         0	         0	  0.109175	  0.109492	         0
         0	         0	  0.102896	  0.103165	         0
         0	         0	 0.0829617	 0.0831931	         0
         0	         0	  0.106567	  0.106917	         0
         0	         0	  0.140891	  0.141335	         0
         0	         0	 0.0983777	  0.098695	         0
         0	         0	  0.089156	 0.0894669	         0
         0	         0	  0.110601	  0.111016	         0
         0	         0	  0.131925	  0.132433	         0
         0	         0	  0.107457	  0.107859	         0
         0	         0	 0.0937558	 0.0941086	         0
         0	         0	  0.119672	  0.120141	         0
         0	         0	  0.110578	  0.111006	         0
         0	         0	 0.0896489	 0.0899806	         0
         0	         0	 0.0965398	 0.0969101	         0
         0	         0	 0.0959061	   0.09628	         0
         0	         0	 0.0965137	 0.0968786	         0
         0	         0	  0.116922	  0.117368	         0
         0	         0	  0.116361	   0.11682	         0
         0	         0	 0.0999348	  0.100323	         0
         0	         0	  0.123667	  0.124139	         0
         0	         0	  0.173952	  0.174646	         0
         0	         0	  0.148529	  0.149131	         0
         0	         0	  0.122692	  0.123177	         0
         0	         0	   0.12419	  0.124676	         0
         0	         0	  0.141775	  0.142354	         0
         0	         0	  0.129326	  0.129856	         0
         0	         0	  0.129425	  0.129951	         0
         0	         0	   0.11603	  0.116503	         0
         0	         0	  0.114199	  0.114661	         0
         0	         0	  0.119312	  0.119788	         0
         0	         0	  0.138684	  0.139227	         0
         0	         0	  0.164839	  0.165492	         0
         0	         0	  0.129909	  0.130427	         0
         0	         0	  0.105878	  0.106292	         0
         0	         0	  0.146727	  0.147301	         0
         0	         0	  0.172843	   0.17353	         0
         0	         0	  0.127592	  0.128098	         0
         0	         0	  0.115239	  0.115691	         0
         0	         0	  0.163403	  0.164045	         0
         0	         0	  0.191202	   0.19197	         0
         0	         0	  0.127476	  0.127982	         0
         0	         0	  0.152672	  0.153281	         0
         0	         0	  0.275404	  0.276523	         0
         0	         0	  0.162026	  0.162675	         0
         0	         0	  0.137106	  0.137652	         0
         0	         0	  0.208163	  0.209004	         0
         0	         0	  0.326288	  0.327619	         0
         0	         0	  0.174057	  0.174755	         0
         0	         0	  0.175043	  0.175744	         0
         0	         0	  0.345263	  0.346672	         0
         0	         0	  0.498906	  0.500954	         0
         0	         0	  0.382627	   0.38418	         0
         0	         0	  0.220545	  0.221422	         0
         0	         0	  0.248942	  0.249938	         0
         0	         0	  0.205454	  0.206279	         0
         0	         0	  0.185595	  0.186334	         0
         0	         0	  0.117936	  0.118393	         0
         0	         0	  0.113021	  0.113458	         0
         0	         0	  0.127105	  0.127602	         0
         0	         0	   0.12455	  0.125041	         0
         0	         0	  0.102952	  0.103351	         0
         0	         0	  0.122612	  0.123089	         0
         0	         0	  0.123858	  0.124349	         0
         0	         0	  0.107977	  0.108403	         0
         0	         0	  0.106785	  0.107203	         0
         0	         0	  0.145791	  0.146375	         0
         0	         0	  0.161078	  0.161728	         0
         0	         0	  0.118253	  0.118723	         0
         0	         0	  0.123863	  0.124361	         0
         0	         0	  0.211209	   0.21207	         0
         0	         0	  0.158526	  0.159166	         0
         0	         0	  0.132279	  0.132813	         0
         0	         0	  0.135893	  0.136449	         0
         0	         0	  0.180516	  0.181254	         0
         0	         0	   0.17543	  0.176141	         0
         0	         0	  0.140254	  0.140823	         0
         0	         0	  0.138799	  0.139362	         0
         0	         0	  0.168495	  0.169161	         0
         0	         0	  0.165976	   0.16663	         0
         0	         0	  0.154522	   0.15514	         0
         0	         0	   0.22226	  0.223148	         0
         0	         0	  0.218172	  0.219052	         0
         0	         0	  0.169274	  0.169959	         0
         0	         0	  0.163671	  0.164335	         0
         0	         0	  0.152287	  0.152898	         0
         0	         0	  0.233182	  0.234119	         0
         0	         0	  0.207459	  0.208273	         0
         0	         0	  0.155929	   0.15655	         0
         0	         0	  0.149871	  0.150456	         0
         0	         0	  0.174653	  0.175336	         0
         0	         0	  0.166802	  0.167472	         0
         0	         0	  0.160056	  0.160692	         0
         0	         0	  0.182814	  0.183541	         0
         0	         0	  0.192113	  0.192868	         0
         0	         0	  0.173299	  0.173952	         0
         0	         0	  0.156527	  0.157108	         0
         0	         0	  0.256527	  0.257495	         0
         0	         0	  0.191593	  0.192214	         0
         0	         0	  0.256938	   0.25774	         0
         0	         0	  0.403597	  0.404939	         0
         0	         0	  0.284931	  0.285764	         0
         0	         0	  0.180232	   0.18072	         0
         0	         0	  0.251148	  0.251966	         0
         0	         0	  0.395666	  0.396983	         0
         0	         0	  0.237763	  0.238433	         0
         0	         0	  0.175806	  0.176337	         0
         0	         0	  0.323356	  0.324472	         0
         0	         0	  0.341132	  0.342236	         0
         0	         0	   0.19246	  0.193041	         0
         0	         0	  0.226432	  0.227223	         0
         0	         0	  0.448532	  0.450196	         0
         0	         0	  0.296573	  0.297612	         0
         0	         0	  0.280016	  0.281051	         0
         0	         0	  0.306374	  0.307546	         0
         0	         0	  0.532006	  0.534107	         0
         0	         0	  0.366281	  0.367727	         0
         0	         0	  0.242292	  0.243248	         0
         0	         0	    0.4076	  0.409235	         0
         0	         0	  0.438761	  0.440539	         0
         0	         0	   0.28335	  0.284494	         0
         0	         0	  0.257173	  0.258202	         0
         0	         0	  0.536525	  0.538708	         0
         0	         0	  0.379666	  0.381203	         0
         0	         0	   0.29715	  0.298337	         0
         0	         0	  0.607067	  0.609533	         0
         0	         0	 0.0847179	 0.0849349	         0
         0	         0	 0.0847543	 0.0849772	         0
         0	         0	 0.0838744	 0.0840825	         0
         0	         0	  0.078844	 0.0790076	         0
         0	         0	 0.0786503	 0.0788296	         0
         0	         0	 0.0789047	  0.079075	         0
         0	         0	  0.080322	 0.0805166	         0
         0	         0	 0.0844676	 0.0846959	         0
         0	         0	 0.0835279	 0.0837418	         0
         0	         0	 0.0871418	 0.0873823	         0
         0	         0	 0.0913251	 0.0915912	         0
         0	         0	 0.0911881	 0.0914698	         0
         0	         0	   0.46561	  0.100357	         0
         0	         0	  0.312167	  0.465775	         0
         0	         0	  0.557043	   0.31153	         0
         0	         0	   0.29296	  0.558254	         0
         0	         0	  0.200179	  0.293304	         0
         0	         0	  0.186628	  0.199814	         0
         0	         0	  0.185769	  0.186656	         0
         0	         0	  0.182663	  0.186028	         0
         0	         0	  0.163991	  0.182652	         0
         0	         0	  0.122469	  0.163763	         0
         0	         0	  0.122672	  0.122381	         0
         0	         0	  0.129744	  0.122707	         0
         0	         0	  0.131825	  0.129634	         0
         0	         0	  0.111341	  0.129119	         0
